datetime,open,high,low,close,volume
08/31/2023,27305.4,27605.5,25663.0,25936.2,2375.02443369
09/01/2023,25936.3,26127.0,25333.3,25808.3,2544.98277665
09/02/2023,25808.3,25973.8,25754.1,25869.7,614.23333921
09/03/2023,25869.7,26119.0,25820.1,25969.4,619.21434504
09/04/2023,25969.4,26079.2,25630.8,25806.3,849.90782256
09/05/2023,25806.3,25868.8,25580.5,25788.7,941.71467932
09/06/2023,25788.8,26000.0,25385.2,25763.8,1152.75666178
09/07/2023,25763.7,26487.7,25609.0,26236.4,2170.1435956
09/08/2023,26236.5,26414.0,25650.0,25905.2,2181.02001657
09/09/2023,25905.3,25919.2,25803.7,25891.3,339.50872669
09/10/2023,25891.3,26040.7,25582.5,25830.0,961.69552118
09/11/2023,25830.0,25875.0,24925.0,25163.4,3265.83063715
09/12/2023,25163.4,26528.9,25140.1,25832.4,3632.51248271
09/13/2023,25832.4,27212.0,25780.0,26231.1,2898.11469839
09/14/2023,26231.2,26833.0,26154.6,26535.5,2586.89823298
09/15/2023,26535.5,26887.7,26220.9,26610.0,2739.20878369
09/16/2023,26610.1,26756.8,26480.5,26568.5,519.04251464
09/17/2023,26568.4,26603.2,26412.0,26539.8,402.86791697
09/18/2023,26539.9,27468.1,26405.7,26758.3,3044.11850614
09/19/2023,26758.3,27494.5,26691.2,27228.6,2891.06865242
09/20/2023,27228.6,27397.8,26826.7,27135.1,2185.3227888
09/21/2023,27135.1,27150.0,26358.2,26567.6,2525.1504168
09/22/2023,26567.6,26716.9,26490.0,26583.8,1377.78818382
09/23/2023,26583.8,26630.0,26500.0,26580.8,554.31605307
09/24/2023,26580.8,26711.0,26157.0,26252.3,722.68160905
09/25/2023,26252.4,26420.0,26000.0,26289.8,2938.53345591
09/26/2023,26289.8,26393.2,26094.3,26214.9,1256.88728531
09/27/2023,26214.9,26818.2,26100.1,26359.9,2024.3096072
09/28/2023,26359.9,27312.9,26329.9,27026.8,2519.55847133
09/29/2023,27027.3,27225.7,26692.0,26920.1,2046.27520387
09/30/2023,26920.1,27096.0,26888.3,26972.9,591.63366313
10/01/2023,26972.1,28087.9,26965.7,27981.1,1803.40971306
10/02/2023,27981.1,28572.5,27298.0,27500.9,5477.09708743
10/03/2023,27500.9,27658.2,27189.0,27428.2,2269.82042802
10/04/2023,27428.2,27826.3,27229.8,27800.0,1661.17320354
10/05/2023,27800.0,28116.4,27366.1,27413.8,2420.06613584
10/06/2023,27413.8,28284.9,27185.1,27947.8,2704.34987354
10/07/2023,27947.8,28028.7,27865.7,27973.4,811.49808618
10/08/2023,27973.4,28107.2,27740.1,27934.7,677.8912909
10/09/2023,27934.7,27996.8,27275.0,27586.1,2304.99609938
10/10/2023,27586.1,27713.6,27300.0,27397.3,1585.44517938
10/11/2023,27397.3,27468.9,26551.0,26868.2,3092.07799609
10/12/2023,26868.2,26925.0,26560.0,26760.9,1601.34612333
10/13/2023,26760.9,27137.0,26675.0,26867.9,2111.79481791
10/14/2023,26867.9,26976.5,26820.0,26857.3,730.75681777
10/15/2023,26857.3,27292.1,26820.1,27170.1,1026.08545185
10/16/2023,27170.1,30000.0,27119.9,28516.8,7787.35559589
10/17/2023,28516.8,28606.3,28100.0,28415.8,2328.47652769
10/18/2023,28415.8,28980.6,28170.0,28335.1,2035.02646802
10/19/2023,28335.1,28900.0,28150.5,28726.9,2372.54455712
10/20/2023,28727.0,30215.0,28600.1,29680.9,3812.08607916
10/21/2023,29680.9,30343.3,29483.5,29920.2,2252.19712262
10/22/2023,29920.2,30220.7,29694.1,29987.3,1328.85638275
10/23/2023,29987.3,34800.0,29914.0,33084.4,7154.71601
10/24/2023,33084.4,35225.0,32880.1,33922.4,7855.01386151
10/25/2023,33921.6,35140.3,33706.1,34489.9,3923.75924466
10/26/2023,34489.9,34825.0,33717.2,34155.2,3871.43890163
10/27/2023,34155.2,34239.7,33318.6,33915.1,2681.16178873
10/28/2023,33915.1,34463.7,33852.8,34092.1,1222.22173256
10/29/2023,34092.0,34758.5,33960.1,34529.5,1521.60438775
10/30/2023,34529.5,34953.4,34100.1,34508.1,2531.60813961
10/31/2023,34508.1,34719.9,34060.1,34655.2,1855.56649419
11/01/2023,34653.9,35612.5,34120.0,35441.7,3806.80440224
11/02/2023,35441.7,35945.0,34350.0,34927.7,3988.47589861
11/03/2023,34927.8,34927.8,34133.0,34741.2,2119.52126251
11/04/2023,34741.2,35257.9,34614.4,35090.3,1617.41289256
11/05/2023,35091.1,35382.1,34520.1,35050.0,1827.87537859
11/06/2023,35050.1,35267.1,34767.3,35028.6,1572.80832561
11/07/2023,35028.6,35900.1,34560.0,35449.0,2573.31257977
11/08/2023,35449.1,36094.0,35100.0,35626.4,2554.52816689
11/09/2023,35626.4,37971.0,35517.3,36694.0,8078.04800462
11/10/2023,36702.5,37500.0,36340.1,37311.7,4459.42693761
11/11/2023,37311.7,37411.7,36658.0,37139.8,1725.24461443
11/12/2023,37139.9,37227.6,36727.3,37053.9,1172.59629012
11/13/2023,37053.9,37423.0,36371.0,36494.1,3275.04932855
11/14/2023,36494.1,36750.1,34666.0,35544.4,4657.82009731
11/15/2023,35544.4,37950.0,35361.7,37896.7,4451.09716203
11/16/2023,37896.7,37950.0,35517.2,36159.1,6415.89077125
11/17/2023,36159.1,36888.0,35851.2,36625.0,4591.39266185
11/18/2023,36625.0,36850.0,36222.0,36586.1,1154.66434705
11/19/2023,36586.1,37531.9,36416.4,37373.9,1751.8509045
11/20/2023,37383.9,37777.0,36715.0,37480.5,4171.7237213
11/21/2023,37480.5,37655.8,35777.1,35777.1,6261.50965349
11/22/2023,35777.1,37848.0,35645.0,37428.1,6119.78524784
11/23/2023,37428.1,37624.0,36874.7,37300.9,2749.31351434
11/24/2023,37300.9,38432.9,37277.2,37710.4,4254.02172775
11/25/2023,37716.2,37900.0,37614.0,37800.2,1204.59670984
11/26/2023,37800.2,37810.0,37151.1,37469.9,1333.5358221
11/27/2023,37469.9,37565.6,36720.0,37254.1,2144.82136222
11/28/2023,37254.1,38390.7,36901.0,37832.7,3571.37812702
11/29/2023,37832.7,38419.0,37604.9,37870.0,2377.63545295
11/30/2023,37870.0,38148.9,37501.0,37717.7,1732.0766671
12/01/2023,37719.0,38924.4,37629.7,38690.0,3704.47030493
12/02/2023,38690.0,39700.0,38657.1,39477.1,1964.85562729
12/03/2023,39477.1,40117.2,39299.0,39975.1,2138.76982162
12/04/2023,39975.1,42415.5,39476.0,41984.7,7454.60030785
12/05/2023,41983.0,44465.0,41427.1,44080.8,5566.77459438
12/06/2023,44080.8,44277.2,43335.5,43761.7,3558.3081874
12/07/2023,43761.7,44041.4,42885.0,43291.7,2649.07280081
12/08/2023,43288.1,44699.0,43120.1,44179.5,3595.64137028
12/09/2023,44179.6,44368.9,43606.0,43709.6,1720.15913105
12/10/2023,43709.7,44040.1,43587.6,43788.0,1376.78752819
12/11/2023,43788.0,43808.4,39999.0,41236.8,6918.90506416
12/12/2023,41236.9,42300.0,40662.4,41469.9,3827.46433532
12/13/2023,41470.0,43421.5,40606.6,42889.1,3664.05069388
12/14/2023,42889.1,43380.1,41359.0,43016.1,3403.66028483
12/15/2023,43016.1,43090.9,41697.5,41943.3,2421.86125412
12/16/2023,41943.3,42664.2,41648.8,42231.5,1484.46531222
12/17/2023,42231.5,42350.0,41238.0,41344.3,2873.78647559
12/18/2023,41344.4,42709.4,40515.9,42646.1,3401.3447875
12/19/2023,42644.7,43422.7,41820.0,42267.0,3052.46535157
12/20/2023,42267.1,44300.0,42231.2,43630.0,4004.57037215
12/21/2023,43630.0,44236.9,43329.6,43869.3,2615.35161211
12/22/2023,43869.4,44429.4,43450.1,43997.0,2630.83766727
12/23/2023,43997.0,43999.0,43314.0,43750.1,1140.85980407
12/24/2023,43750.1,43933.1,42680.0,43014.9,2343.63343067
12/25/2023,43014.9,43777.9,42765.0,43604.1,1746.95178352
12/26/2023,43604.1,43604.1,41637.1,42519.1,3180.63617197
12/27/2023,42519.1,43650.0,42150.2,43468.1,2143.684396
12/28/2023,43467.2,43792.3,42307.2,42616.4,2766.35320471
12/29/2023,42616.4,43135.8,41300.6,42097.9,2612.44640079
12/30/2023,42097.9,42577.2,41551.8,42150.0,1306.55262626
12/31/2023,42150.1,42874.4,41991.1,42241.1,1509.62365704
01/01/2024,42241.1,44187.5,42215.7,44180.8,2457.30419634
01/02/2024,44180.8,45913.4,44113.2,44972.0,6462.5537177
01/03/2024,44975.4,45509.3,39501.0,42849.5,7003.5579979
01/04/2024,42849.5,44784.9,42682.0,44211.9,3461.20649181
01/05/2024,44210.0,44365.0,42480.0,44179.9,3371.04701335
01/06/2024,44179.9,44241.8,43451.0,43960.0,990.41936124
01/07/2024,43960.0,44483.9,43648.1,43915.9,1547.79663154
01/08/2024,43915.9,47306.6,43208.5,46989.4,6838.67422667
01/09/2024,46989.5,47988.0,44500.0,46128.7,8483.34519719
01/10/2024,46128.7,47699.6,44331.8,46664.8,8288.08064486
01/11/2024,46678.1,49000.0,45619.1,46350.4,7397.10583103
01/12/2024,46350.4,46500.0,41476.0,42800.1,9423.71540987
01/13/2024,42800.1,43230.0,42459.8,42827.9,1718.42082056
01/14/2024,42827.9,43055.0,41717.0,41719.1,2802.78187532
01/15/2024,41717.1,43318.0,41700.0,42506.4,2405.08532051
01/16/2024,42499.3,43568.3,42042.1,43134.7,2360.50106233
01/17/2024,43134.7,43165.0,42190.2,42747.8,2079.15524064
01/18/2024,42746.1,42877.0,40625.0,41264.7,3426.982335
01/19/2024,41264.8,42140.3,40255.0,41611.9,3578.28441991
01/20/2024,41611.9,41800.0,40000.0,41650.0,827.74780718
01/21/2024,41649.9,42260.0,41482.8,41554.7,892.75638839
01/22/2024,41554.8,41654.2,39410.9,39510.0,4093.73353976
01/23/2024,39510.0,40100.0,38518.0,39844.0,3365.92043035
01/24/2024,39844.0,40492.3,39451.1,40069.8,2453.93910708
01/25/2024,40069.8,40261.7,39556.2,39924.8,1465.24653636
01/26/2024,39924.8,42213.6,39810.4,41814.2,3399.17302935
01/27/2024,41814.3,42194.3,41399.9,42126.3,1297.45365748
01/28/2024,42126.3,42800.0,41651.2,42024.9,1693.01208312
01/29/2024,42025.0,43333.0,41817.8,43269.5,1946.95379463
01/30/2024,43272.7,43857.2,42716.0,42956.0,2446.94412456
01/31/2024,42956.0,43742.3,42300.1,42551.7,2838.35239346
02/01/2024,42551.7,43250.0,41882.5,43075.2,2669.02478811
02/02/2024,43075.3,43431.5,42546.6,43185.9,2184.38096499
02/03/2024,43185.9,43345.2,42900.1,42982.8,526.15799578
02/04/2024,42982.8,43091.1,42232.8,42591.4,629.56386931
02/05/2024,42591.3,43489.0,42250.9,42650.0,1582.95704238
02/06/2024,42650.0,43339.7,42530.3,43085.0,1340.59799225
02/07/2024,43085.0,44362.0,42763.7,44333.6,3765.68949635
02/08/2024,44333.7,45606.2,44333.7,45329.6,3551.71897942
02/09/2024,45329.6,48188.5,45258.8,47127.0,5688.46558971
02/10/2024,47127.1,48154.0,46900.0,47773.2,1605.66098504
02/11/2024,47766.2,48590.0,47580.9,48295.0,1781.36073625
02/12/2024,48295.0,50339.5,47642.0,49943.7,5147.57339488
02/13/2024,49943.7,50390.2,48240.0,49755.4,3982.47498943
02/14/2024,49750.1,52136.8,49255.2,51835.1,4718.31045495
02/15/2024,51835.2,52843.0,51335.2,51947.1,4193.46649497
02/16/2024,51947.1,52574.2,51625.0,52185.3,2064.57876753
02/17/2024,52185.3,52192.0,50581.2,51700.0,2108.88563124
02/18/2024,51700.1,52392.1,51231.1,52156.3,1645.27261209
02/19/2024,52157.1,52475.6,51704.8,51771.1,1628.6291871
02/20/2024,51771.2,52991.8,50663.7,52270.1,4612.93475308
02/21/2024,52270.1,52359.9,50636.4,51866.9,2178.54135636
02/22/2024,51866.9,52035.0,50890.2,51300.1,1926.74006003
02/23/2024,51300.1,51472.4,50456.0,50739.4,1510.21978084
02/24/2024,50739.4,51650.0,50589.7,51554.5,942.00205046
02/25/2024,51554.5,51936.7,51300.0,51733.8,1220.61894467
02/26/2024,51733.8,54920.0,50950.0,54525.4,5241.13945742
02/27/2024,54525.4,57572.6,54478.8,57072.6,5285.87451429
02/28/2024,57066.2,64015.8,56000.4,62487.8,10911.28773542
02/29/2024,62489.8,63583.5,60108.8,61180.9,6805.48164512
03/01/2024,61180.9,63150.0,60800.1,62434.3,3522.12836667
03/02/2024,62434.3,62500.0,61663.3,62033.7,2212.55763597
03/03/2024,62028.6,63255.0,61400.0,63178.2,1592.02456275
03/04/2024,63178.3,68521.0,62262.0,68323.1,6106.3085254
03/05/2024,68338.6,69218.0,59150.0,63802.3,10647.21710186
03/06/2024,63805.2,67635.3,62876.6,66098.9,4896.523842
03/07/2024,66098.9,68050.0,65668.0,66936.5,3147.25047656
03/08/2024,66936.7,70000.0,65200.0,68333.0,4438.29990823
03/09/2024,68333.0,68657.4,68047.8,68459.1,964.99996567
03/10/2024,68459.1,69981.0,68254.9,69040.1,2360.95657907
03/11/2024,69040.1,72866.4,67187.3,72100.0,5547.01813187
03/12/2024,72100.1,73000.0,68660.2,71484.7,3980.18577146
03/13/2024,71480.8,73666.5,71336.1,73082.4,2818.46739181
03/14/2024,73089.7,73734.0,68554.9,71371.2,4983.78363201
03/15/2024,71371.3,72500.0,65600.0,69488.8,5903.81785283
03/16/2024,69488.9,69999.0,64802.6,65249.6,2550.190718
03/17/2024,65249.6,68815.6,64555.0,68355.6,2581.90048305
03/18/2024,68355.6,68898.3,66569.4,67600.0,2892.32240992
03/19/2024,67600.0,68075.0,61537.5,61908.4,6851.4328518
03/20/2024,61905.3,68137.3,60778.2,67866.0,6500.53270463
03/21/2024,67866.1,68238.0,64564.4,65499.9,2710.17809746
03/22/2024,65500.0,66614.8,62204.1,63810.1,2845.9453118
03/23/2024,63810.0,65970.0,63050.4,64034.5,1933.65360997
03/24/2024,64034.4,67614.8,63825.0,67193.9,1806.6128305
03/25/2024,67199.1,71217.1,66438.4,69950.0,4434.31051831
03/26/2024,69950.1,71557.7,69116.8,70000.1,2600.32974153
03/27/2024,70000.1,71746.9,68366.5,69437.3,3899.00360403
03/28/2024,69437.2,71546.3,68800.0,70742.2,3156.06986933
03/29/2024,70742.2,70911.4,69128.7,69917.1,1885.11342092
03/30/2024,69917.0,70354.4,69607.6,69652.0,669.4307169
03/31/2024,69652.0,71323.9,69600.0,71306.8,1097.39096998
04/01/2024,71306.7,71306.8,68101.0,69681.1,2039.09077986
04/02/2024,69681.1,69699.9,64572.7,65457.6,3892.19127401
04/03/2024,65457.6,66902.0,64541.2,65991.5,1507.14098717
04/04/2024,65991.4,69354.7,65116.1,68527.4,2782.22826481
04/05/2024,68527.4,68755.0,66004.5,67856.5,3264.19092426
04/06/2024,67856.5,69693.1,67513.7,68908.6,1622.37758547
04/07/2024,68908.6,70300.0,68888.0,69386.1,1592.35234659
04/08/2024,69386.0,72731.5,69114.5,71650.0,3524.06053669
04/09/2024,71650.1,71738.0,68263.2,69159.9,3982.98709625
04/10/2024,69159.9,71100.1,67500.0,70612.2,2906.12976057
04/11/2024,70612.3,71250.9,69600.1,70046.4,1971.1214094
04/12/2024,70046.4,71200.0,65118.0,67205.2,5854.23308811
04/13/2024,67199.8,67946.1,60495.0,64042.4,5688.40092704
04/14/2024,64018.6,65835.1,62665.7,65700.0,2418.68585252
04/15/2024,65700.0,66898.7,62355.9,63408.4,3187.66710088
04/16/2024,63441.8,64341.9,61551.0,63832.6,3089.16803046
04/17/2024,63832.6,64444.0,59700.0,61284.4,3856.04073894
04/18/2024,61284.4,64142.7,60857.6,63509.1,2723.02362572
04/19/2024,63499.5,65499.9,59666.0,63849.1,4458.81980276
04/20/2024,63846.0,65424.1,63164.0,64993.7,2049.04182914
04/21/2024,64993.8,65715.3,64281.0,64953.6,1341.96718412
04/22/2024,64953.0,67200.0,64543.1,66831.4,2626.8865329
04/23/2024,66831.4,67190.0,65853.8,66419.8,1878.08289759
04/24/2024,66419.8,67000.0,63583.4,64291.3,2418.73244785
04/25/2024,64291.3,65300.0,62743.5,64489.1,2429.37373644
04/26/2024,64489.1,64760.8,63338.4,63750.8,1618.43949102
04/27/2024,63750.8,63893.0,62396.6,63425.0,1349.33386371
04/28/2024,63425.1,64301.0,62785.8,63114.9,767.9538549
04/29/2024,63114.1,64125.0,61774.6,63822.1,1659.82104486
04/30/2024,63822.1,64738.3,59110.0,60610.0,4103.94734501
05/01/2024,60610.0,60775.0,56378.0,58272.2,5815.31538446
05/02/2024,58272.3,59602.1,56929.9,59124.1,2549.0291634
05/03/2024,59113.2,63284.0,58848.7,62925.8,3761.9953227
05/04/2024,62925.8,64500.0,62550.4,63895.3,2487.05794265
05/05/2024,63898.0,64646.7,62937.0,64067.5,1244.95349901
05/06/2024,64067.5,65500.0,62720.2,63161.7,2920.39142681
05/07/2024,63161.7,64332.9,62305.0,62325.0,2316.13898234
05/08/2024,62325.0,62966.2,60888.9,61172.1,1624.82227794
05/09/2024,61172.1,63418.5,60650.7,63051.9,1439.28575126
05/10/2024,63052.0,63521.1,60220.2,60794.6,2069.44661807
05/11/2024,60790.8,61437.2,60484.0,60805.0,792.96458373
05/12/2024,60805.0,61800.0,60638.9,61444.6,668.22060849
05/13/2024,61444.6,63400.0,60773.2,62910.0,1728.04946494
05/14/2024,62910.0,63075.0,61000.0,61568.6,1843.73972575
05/15/2024,61568.6,66450.0,61325.4,66233.0,4260.46874397
05/16/2024,66233.1,66700.0,64557.0,65228.4,2547.4399975
05/17/2024,65228.4,67443.0,65121.1,67043.5,2179.14176715
05/18/2024,67043.6,67362.9,66620.4,66920.0,565.40186442
05/19/2024,66920.1,67984.0,65922.0,66262.4,1096.64003357
05/20/2024,66262.5,71464.9,66111.0,71408.1,3168.46551312
05/21/2024,71399.0,71896.4,69202.0,70145.1,2366.52579535
05/22/2024,70145.1,70594.2,68725.2,69144.0,2667.19208346
05/23/2024,69144.1,70500.0,66250.0,67940.8,3538.19855776
05/24/2024,67947.0,69285.3,66652.4,68539.1,1803.19203512
05/25/2024,68541.0,69608.3,68540.6,69278.7,627.9022252
05/26/2024,69278.7,69461.2,67971.1,68476.4,481.57199102
05/27/2024,68474.4,70600.0,68266.6,69377.8,1340.86348323
05/28/2024,69377.8,69509.6,67243.1,68324.9,1727.62002411
05/29/2024,68325.0,68843.3,67100.0,67575.4,1916.8414627
05/30/2024,67575.4,69550.0,67099.9,68365.0,2098.19011204
05/31/2024,68365.0,69000.0,66652.4,67498.1,1214.31751664
06/01/2024,67498.1,67817.9,67383.3,67717.2,262.42915492
06/02/2024,67717.2,68379.9,67283.0,67729.1,686.52833716
06/03/2024,67729.2,70253.4,67636.9,68800.0,1647.26346475
06/04/2024,68800.0,71050.0,68600.1,70558.6,2378.57312613
06/05/2024,70558.7,71709.0,70378.9,71103.6,2163.80748451
06/06/2024,71116.3,71596.5,70100.0,70752.1,1460.01352187
06/07/2024,70752.1,71900.0,68409.0,69317.0,2531.8726325
06/08/2024,69317.1,69511.2,69138.0,69291.5,601.46220651
06/09/2024,69291.5,69809.8,69155.3,69649.9,421.24841694
06/10/2024,69649.9,70142.5,69186.7,69522.1,1227.00068662
06/11/2024,69522.2,69558.7,66059.3,67348.6,2498.48126829
06/12/2024,67348.6,69969.0,66923.0,68233.7,1900.53489755
06/13/2024,68233.7,68412.0,66244.9,66756.5,1247.85112117
06/14/2024,66756.4,67275.7,65075.0,65992.1,1703.77477408
06/15/2024,65992.1,66405.3,65794.7,66198.1,447.31797306
06/16/2024,66198.1,66868.7,66020.0,66635.4,542.32670314
06/17/2024,66630.0,67267.0,65110.0,66487.6,1178.55800856
06/18/2024,66487.7,66556.5,64050.0,65169.7,2452.72181677
06/19/2024,65169.7,65660.1,64700.0,64949.0,645.03059222
06/20/2024,64949.1,66444.7,64550.0,64833.3,1301.88144048
06/21/2024,64833.3,64999.9,63335.6,64087.9,1178.24286298
06/22/2024,64088.0,64442.5,63932.2,64253.0,355.67535869
06/23/2024,64253.0,64496.6,63176.0,63176.1,554.13121587
06/24/2024,63176.1,63277.8,58448.0,60297.0,3701.59188295
06/25/2024,60297.1,62364.8,60245.0,61794.0,1534.90147875
06/26/2024,61794.1,62454.4,60689.9,60815.1,827.76878602
06/27/2024,60815.2,62297.8,60580.7,61617.1,878.31549593
06/28/2024,61617.1,62100.0,59942.7,60319.6,880.35674383
06/29/2024,60319.6,61102.1,60307.7,60860.0,495.32479065
06/30/2024,60860.0,62916.3,60660.7,62680.3,819.171369
07/01/2024,62680.4,63798.9,62489.9,62858.5,1408.61107175
07/02/2024,62858.6,63168.6,61747.0,62019.9,924.08073447
07/03/2024,62020.0,62178.9,59341.6,60146.6,1615.05745394
07/04/2024,60146.6,60399.3,56777.0,57021.1,2727.52009454
07/05/2024,57031.4,57520.4,53563.3,56650.1,4102.76018281
07/06/2024,56650.1,58468.0,56028.6,58234.9,995.59225603
07/07/2024,58234.9,58396.7,55727.7,55845.4,940.57443934
07/08/2024,55845.4,58129.8,54301.3,56699.3,2283.59009877
07/09/2024,56699.3,58245.2,56325.2,58001.6,1412.64260222
07/10/2024,58001.6,59474.1,57154.1,57743.1,1511.28549023
07/11/2024,57742.1,59500.0,57075.5,57350.0,1532.40446222
07/12/2024,57350.0,58494.9,56593.3,57911.4,1135.13837554
07/13/2024,57911.5,59836.5,57784.1,59222.8,985.88672616
07/14/2024,59222.8,61373.5,59222.8,60810.0,1537.75585929
07/15/2024,60810.0,64900.0,60704.5,64764.2,2989.71251023
07/16/2024,64764.3,65416.3,62466.0,65088.7,3185.16204963
07/17/2024,65077.1,66100.3,63853.1,64120.0,1952.5629658
07/18/2024,64120.1,65097.1,63225.5,63960.7,1495.39840213
07/19/2024,63960.7,67429.0,63350.0,66708.9,2068.88597692
07/20/2024,66708.9,67612.9,66301.4,67166.1,878.57703216
07/21/2024,67166.1,68313.0,65857.0,68137.1,1510.0800522
07/22/2024,68137.2,68531.4,66600.0,67595.1,1381.72971405
07/23/2024,67595.2,67761.1,65458.8,65900.8,2538.76002268
07/24/2024,65900.8,67098.3,65134.4,65367.0,1565.37594373
07/25/2024,65360.4,66090.9,63427.5,65795.4,1783.90500659
07/26/2024,65794.2,69000.0,65755.6,67914.7,2487.78967158
07/27/2024,67914.7,69398.3,66624.3,67900.8,3068.23357372
07/28/2024,67912.9,68282.0,67090.9,68250.0,995.06551127
07/29/2024,68250.0,69985.0,66429.9,66755.3,2738.33894061
07/30/2024,66755.4,66973.7,65337.5,66175.1,1726.18820443
07/31/2024,66175.1,66799.9,64524.6,64638.1,1565.48572184
08/01/2024,64638.1,65550.0,62250.0,65300.0,2421.32198213
08/02/2024,65300.1,65500.0,61205.0,61409.9,2656.60031785
08/03/2024,61410.0,62126.7,59826.5,60688.5,2560.01992687
08/04/2024,60688.6,61040.4,57176.3,58103.0,1993.41704536
08/05/2024,58103.1,58270.3,49111.0,54006.5,10612.00555526
08/06/2024,54012.4,57056.5,53978.6,56080.0,3145.82396579
08/07/2024,56080.0,57720.8,54556.5,55091.0,2780.75950654
08/08/2024,55138.1,62700.0,54760.3,61704.7,3570.74854621
08/09/2024,61701.9,61732.2,59572.9,60859.9,3535.85878338
08/10/2024,60859.9,61444.6,60284.3,60951.7,745.15375745
08/11/2024,60951.8,61800.0,58329.9,58717.7,1657.2962015
08/12/2024,58717.7,60658.4,57690.0,59359.9,1772.47497441
08/13/2024,59359.5,61555.0,58441.2,60600.0,2442.99193825
08/14/2024,60600.1,61773.4,58500.0,58693.6,2297.26406239
08/15/2024,58693.7,59885.4,56117.7,57554.9,2578.85459852
08/16/2024,57555.0,59800.0,57100.9,58898.4,1659.79839491
08/17/2024,58895.6,59682.2,58812.4,59473.3,456.34171482
08/18/2024,59473.4,60234.4,58451.6,58466.5,812.95931566
08/19/2024,58466.5,59593.0,57860.8,59493.7,1313.0208045
08/20/2024,59493.7,61391.9,58572.7,59023.3,2101.76376736
08/21/2024,59023.3,61800.0,58844.0,61179.7,2153.31118019
08/22/2024,61179.8,61416.7,59805.7,60391.1,1586.14888616
08/23/2024,60391.1,64950.9,60390.0,64087.4,3155.25945614
08/24/2024,64087.5,64481.2,63641.0,64176.0,953.24449315
08/25/2024,64176.1,65070.7,63834.5,64288.1,707.02067492
08/26/2024,64288.1,64455.5,62851.0,62854.7,1136.40633879
08/27/2024,62851.1,63200.0,58009.6,59458.0,2317.8799107
08/28/2024,59458.0,60216.2,57870.8,59025.6,1959.75911169
08/29/2024,59025.6,61143.1,58717.4,59385.5,1464.07565396
08/30/2024,59385.5,59899.0,57755.0,59105.0,1521.27611375
08/31/2024,59110.0,59443.0,58736.9,58972.3,558.76100338
09/01/2024,58972.3,59026.7,57210.0,57321.2,1772.08376068
09/02/2024,57318.5,59388.0,57124.2,59128.6,1728.8002215
09/03/2024,59128.7,59773.0,57406.4,57497.6,1444.7019588
09/04/2024,57482.4,58508.0,55617.7,57970.0,2253.64124921
09/05/2024,57970.1,58285.9,55601.5,56163.9,2115.36409133
09/06/2024,56163.9,56964.1,52569.0,53948.3,3806.68584457
09/07/2024,53948.3,54810.2,53739.0,54146.4,1015.36745899
09/08/2024,54146.5,55317.6,53636.6,54856.8,980.64078512
09/09/2024,54856.9,58050.8,54580.3,57062.7,1806.65055351
09/10/2024,57062.7,58000.0,56440.2,57630.0,1234.54187638
09/11/2024,57630.0,57990.0,55548.1,57350.6,2108.12975023
09/12/2024,57350.7,58546.4,57339.0,58133.1,1392.83982615
09/13/2024,58133.4,60657.4,57658.3,60581.0,2992.83088973
09/14/2024,60581.1,60650.0,59478.3,60000.1,1011.96700566
09/15/2024,60000.2,60350.0,58679.1,59135.1,911.81154664
09/16/2024,59135.1,59176.7,57488.7,58197.2,1394.86006272
09/17/2024,58197.3,61300.0,57619.9,60317.2,2381.81722631
09/18/2024,60317.1,61777.7,59164.6,61777.7,2374.42823592
09/19/2024,61777.7,63840.0,61599.2,62922.1,2674.7679481
09/20/2024,62922.2,64087.0,62373.3,63210.2,2234.54850294
09/21/2024,63210.3,63539.5,62801.0,63376.1,1769.28073004
09/22/2024,63376.1,64000.0,62440.6,63615.2,2192.35369043
09/23/2024,63615.2,64777.3,62643.0,63332.4,2429.20341709
09/24/2024,63332.4,64681.0,62739.4,64271.8,1731.18720351
09/25/2024,64271.9,64770.0,62917.4,63139.2,1472.03011434
09/26/2024,63139.2,65764.9,62673.3,65183.5,2376.40345616
09/27/2024,65179.3,66452.8,64841.2,65788.9,1580.52059663
09/28/2024,65788.8,66218.7,65475.7,65878.4,434.17709796
09/29/2024,65862.7,66055.0,65474.4,65610.0,541.96337683
09/30/2024,65610.1,65610.1,62883.9,63338.5,1812.35809052
10/01/2024,63325.0,64100.0,60203.4,60819.1,2632.62350634
10/02/2024,60819.1,62350.0,60000.0,60635.3,1636.61948719
10/03/2024,60643.9,61467.5,59850.0,60739.6,1794.05177805
10/04/2024,60739.7,62470.0,60451.6,62081.0,1614.92871105
10/05/2024,62081.0,62328.3,61700.0,62049.0,543.8720812
10/06/2024,62048.5,62921.0,61824.9,62809.3,558.72425339
10/07/2024,62809.4,64419.3,62150.8,62234.6,1753.12946058
10/08/2024,62221.1,63180.2,61825.4,62117.9,1451.97055407
10/09/2024,62120.6,62493.0,60300.0,60558.0,1425.15802177
10/10/2024,60558.0,61237.4,58888.0,60279.5,1660.04543018
10/11/2024,60275.9,63414.5,60063.4,62502.5,1956.73441154
10/12/2024,62502.5,63445.0,62495.0,63184.0,687.2439732
10/13/2024,63184.9,63273.0,62029.9,62834.9,808.19554302
10/14/2024,62834.9,66400.0,62465.0,66025.5,2419.74862017
10/15/2024,66025.6,67871.1,64686.1,67060.5,3990.01286365
10/16/2024,67056.0,68328.6,66751.5,67589.9,1989.74847719
10/17/2024,67590.0,67899.9,66644.5,67407.8,1581.80315377
10/18/2024,67407.8,68980.3,67189.9,68440.3,1519.44740947
10/19/2024,68440.2,68632.7,68062.2,68374.9,402.00012426
10/20/2024,68375.0,69315.0,68129.4,69010.5,696.12320319
10/21/2024,69010.5,69447.8,66838.6,67385.1,2249.69267837
10/22/2024,67385.1,67750.0,66564.4,67387.6,1332.15318315
10/23/2024,67384.2,67407.5,65199.0,66633.4,1637.67388406
10/24/2024,66630.5,68794.2,66452.2,68170.1,1711.06407067
10/25/2024,68170.1,68699.0,65531.0,66606.8,1962.900885
10/26/2024,66606.8,67348.4,66364.0,67026.0,551.1168065
10/27/2024,67026.1,68196.0,66850.4,67941.2,669.93058797
10/28/2024,67941.3,70200.0,67535.0,69911.9,2663.61172521
10/29/2024,69912.0,73574.9,69720.1,72661.0,3112.48180118
10/30/2024,72661.0,72887.9,71400.0,72331.1,1750.94496989
10/31/2024,72331.1,72662.0,69602.0,70250.1,1855.72917608
11/01/2024,70250.1,71576.0,68810.0,69490.1,2425.4916887
11/02/2024,69490.1,69858.8,69060.0,69300.0,803.13883973
11/03/2024,69300.9,69363.3,67483.7,68748.7,2115.26348924
11/04/2024,68748.7,69430.6,66836.0,67783.3,1544.56123278
11/05/2024,67787.8,70482.0,67481.4,69382.7,2008.23627213
11/06/2024,69382.7,76457.6,69341.0,75642.0,8946.48732813
11/07/2024,75642.1,76937.5,74500.0,75949.2,3152.67539089
11/08/2024,75949.3,77242.0,75713.0,76550.4,2322.42184749
11/09/2024,76550.5,76911.0,75785.2,76728.3,1025.99230375
11/10/2024,76728.3,81480.7,76569.9,80423.3,4998.42665424
11/11/2024,80423.3,89600.0,80299.9,88737.6,7092.85736454
11/12/2024,88737.5,89920.0,85136.0,88087.3,6817.99545766
11/13/2024,88087.3,93435.0,86258.0,90490.9,7626.54566803
11/14/2024,90496.8,91780.0,86621.9,87313.2,6252.08697742
11/15/2024,87314.4,91850.0,87135.0,91062.0,3879.47146166
11/16/2024,91062.0,91750.0,90149.0,90555.1,1466.32281088
11/17/2024,90567.7,91399.0,88728.6,89850.0,1823.63907979
11/18/2024,89850.0,92607.2,89400.0,90507.9,3681.7495448
11/19/2024,90508.0,94000.0,90424.6,92376.1,4118.94491548
11/20/2024,92376.1,94925.0,91636.1,94364.5,3479.27477537
11/21/2024,94356.8,98999.0,94135.0,98496.0,4985.84908294
11/22/2024,98496.0,99650.0,97218.3,99000.0,3342.09282648
11/23/2024,99000.0,99000.0,97219.2,97759.1,1822.84995162
11/24/2024,97759.1,98607.4,95751.2,97994.1,1713.90019572
11/25/2024,97994.1,98880.0,92550.0,93000.0,4287.35322125
11/26/2024,93000.1,94995.0,90736.0,91914.5,3988.70968177
11/27/2024,91914.6,97387.9,91818.3,95952.9,3676.00390362
11/28/2024,95946.8,96652.0,94653.6,95637.8,1141.15914588
11/29/2024,95637.8,98670.1,95385.7,97478.7,2810.05076582
11/30/2024,97478.7,97491.2,96185.0,96456.2,724.351026
12/01/2024,96456.3,97850.0,95754.4,97244.6,790.57085383
12/02/2024,97245.0,98135.3,94450.0,95853.3,2076.03930234
12/03/2024,95853.3,96267.2,93565.1,95917.5,1750.12703242
12/04/2024,95917.5,99213.9,94656.9,98757.1,4007.40945935
12/05/2024,98757.1,104015.5,91800.0,97087.3,8398.16065969
12/06/2024,97087.3,101995.0,96510.3,99872.9,2727.15514037
12/07/2024,99873.0,100501.4,99000.0,99899.9,829.88174542
12/08/2024,99900.0,101400.0,98699.7,101170.0,1101.24140085
12/09/2024,101170.0,101214.3,94140.9,97399.9,2874.85666097
12/10/2024,97337.0,98267.9,94314.1,96655.1,2459.10248253
12/11/2024,96655.1,101900.0,95754.0,101177.0,2523.39702118
12/12/2024,101177.1,102500.0,99296.6,100050.1,1955.43808408
12/13/2024,100050.1,101905.2,99250.0,101483.1,1358.12451422
12/14/2024,101483.1,102637.2,100666.0,101400.1,926.63654907
12/15/2024,101400.1,105000.0,101222.5,104355.2,2036.39517524
12/16/2024,104355.3,107777.0,103319.4,106067.2,4525.54878744
12/17/2024,106070.2,108297.6,105124.0,106151.9,4684.88958375
12/18/2024,106152.0,106489.3,100027.8,100166.1,3014.79303894
12/19/2024,100166.1,102750.0,95586.4,97431.4,3582.99338433
12/20/2024,97431.5,98064.7,92159.0,97781.8,3145.57762405
12/21/2024,97781.8,99575.4,96359.8,97232.6,1158.06359574
12/22/2024,97232.7,97321.3,94201.1,95101.9,843.50640738
12/23/2024,95101.9,96403.0,92417.0,94699.4,1608.13292536
12/24/2024,94699.4,99400.0,93500.0,98647.2,1533.79982235
12/25/2024,98647.2,99411.6,97600.0,99310.8,681.61047112
12/26/2024,99328.2,99821.8,95139.1,95645.0,1286.63045412
12/27/2024,95660.9,97308.6,93300.0,94148.9,1781.17817466
12/28/2024,94147.6,95497.0,94033.5,95204.1,447.87195123
12/29/2024,95204.1,95204.1,92860.7,93551.0,698.54712674
12/30/2024,93551.0,94858.7,91256.6,92611.3,2168.29172819
12/31/2024,92611.3,96040.0,91934.1,93370.9,1697.95041413
01/01/2025,93370.8,94888.0,92588.1,94380.8,576.16221881
01/02/2025,94380.9,97719.9,94167.2,96805.2,1727.87834504
01/03/2025,96805.3,98888.0,96034.1,98111.1,1520.22829624
01/04/2025,98111.1,98714.8,97548.4,98208.9,630.75266227
01/05/2025,98208.9,98750.0,97250.0,98306.2,437.30434173
01/06/2025,98306.3,102479.6,97974.0,102222.0,2276.11065977
01/07/2025,102222.0,102759.3,96100.0,96932.2,2322.87122789
01/08/2025,96932.2,97232.8,92501.0,95060.4,2675.62697608
01/09/2025,95060.1,95251.1,91168.5,92531.7,2567.92194993
01/10/2025,92523.5,95771.2,92200.0,94698.8,2409.34482421
01/11/2025,94698.9,94986.6,93865.0,94562.1,315.42363614
01/12/2025,94562.1,95300.0,93652.2,94449.9,432.7113658
01/13/2025,94450.0,95808.2,89005.8,94487.1,3303.02566784
01/14/2025,94487.1,97302.9,94313.0,96560.1,1407.26000359
01/15/2025,96560.1,100731.7,96500.0,100496.4,2160.29010015
01/16/2025,100496.5,100700.0,97333.0,99976.7,1764.68463636
01/17/2025,99976.7,105883.0,99952.8,104089.8,3507.92883752
01/18/2025,104089.8,104907.3,102222.0,104382.0,1776.25333653
01/19/2025,104382.0,106246.6,99538.2,101191.1,4231.21213917
01/20/2025,101191.0,109112.0,99500.0,102162.8,6144.71011387
01/21/2025,102142.1,107200.0,100114.2,106162.8,2766.17867975
01/22/2025,106162.8,106293.4,103271.3,103648.5,1391.42072629
01/23/2025,103648.6,106833.2,101281.7,103920.2,4692.19078465
01/24/2025,103920.2,107080.6,102800.0,104840.4,1795.72253619
01/25/2025,104840.4,105194.1,104250.0,104705.2,643.54540419
01/26/2025,104705.3,105380.0,102544.1,102596.5,949.0648101
01/27/2025,102596.5,103200.0,97688.7,102133.3,3883.43048284
01/28/2025,102133.3,103728.0,100200.0,101299.8,1817.06633
01/29/2025,101299.9,104749.1,101277.6,103708.0,2068.76411452
01/30/2025,103708.1,106414.4,103252.5,104750.1,2010.23973624
01/31/2025,104750.1,106000.0,101500.0,102406.0,1755.91946054
02/01/2025,102406.0,102748.6,100147.0,100624.2,1188.3889118
02/02/2025,100624.3,101415.5,96100.0,97696.1,2816.31259953
02/03/2025,97696.0,102500.0,91000.0,101425.1,5541.67940806
02/04/2025,101425.1,101721.9,96250.0,97868.5,3162.38590831
02/05/2025,97868.4,99125.0,96191.0,96623.8,1343.73465352
02/06/2025,96613.4,99100.0,95700.0,96559.2,2017.20689834
02/07/2025,96558.5,100181.7,95634.1,96547.5,1926.56834175
02/08/2025,96547.5,96860.1,95656.9,96496.5,383.81280043
02/09/2025,96496.5,97291.2,94763.1,96473.0,702.74391142
02/10/2025,96473.0,98300.0,95326.7,97441.2,1163.37216215
02/11/2025,97441.2,98442.3,94899.2,95767.1,1329.40106338
02/12/2025,95767.1,98042.8,94111.0,97874.0,1463.18182995
02/13/2025,97874.0,98077.1,95273.7,96628.0,1291.44841164
02/14/2025,96628.0,98826.0,96340.7,97464.0,1523.91696415
02/15/2025,97464.0,97902.0,97279.3,97588.2,375.80330877
02/16/2025,97588.2,97700.0,96112.6,96144.1,311.46490458
02/17/2025,96144.1,97032.6,95224.7,95772.8,1005.28486366
02/18/2025,95772.8,96650.9,93388.7,95600.0,1472.41908125
02/19/2025,95600.0,96875.0,94996.8,96625.7,1116.70166311
02/20/2025,96625.7,98744.0,96405.7,98339.1,1280.02593709
02/21/2025,98339.1,99481.1,94858.0,96099.5,2181.18505022
02/22/2025,96099.5,96900.0,95791.3,96600.1,484.13874675
02/23/2025,96600.1,96621.6,95300.0,96303.4,359.68758804
02/24/2025,96303.4,96483.0,91400.0,91534.4,2273.50832688
02/25/2025,91534.4,92487.3,86000.0,88632.6,5210.26309616
02/26/2025,88632.6,89271.0,80525.0,84089.8,5878.70103157
02/27/2025,84089.9,86951.2,82611.0,84691.4,2506.41796058
02/28/2025,84668.4,85061.0,78219.0,84309.2,4498.77887051
03/01/2025,84309.2,86515.9,83799.3,86020.8,1112.34047277
03/02/2025,86020.8,95000.0,84500.1,94285.0,5152.5358943
03/03/2025,94285.0,94401.6,85055.0,86144.7,5136.27936399
03/04/2025,86144.7,88888.0,81434.5,87250.0,4690.09095506
03/05/2025,87250.0,90975.1,86378.4,90610.4,3795.41190016
03/06/2025,90610.4,92741.5,87836.3,89916.8,2992.56395797
03/07/2025,89925.3,91227.4,84665.7,86762.3,4534.10086304
03/08/2025,86762.3,86809.4,85230.0,86164.1,816.51310316
03/09/2025,86164.1,86435.2,80006.7,80684.0,2019.63804496
03/10/2025,80709.9,83971.5,77414.3,78558.8,3411.3441324
03/11/2025,78558.9,83607.9,76615.7,82900.0,3925.04144014
03/12/2025,82900.0,84482.0,80628.9,83673.4,2515.76502183
03/13/2025,83673.4,84282.4,79930.7,81112.3,1998.70930581
03/14/2025,81112.3,85278.7,80847.2,83997.6,2075.86273147
03/15/2025,83997.7,84659.4,83666.9,84332.9,584.76838101
03/16/2025,84333.0,85021.0,82009.8,82599.9,842.27980256
03/17/2025,82600.0,84700.0,82500.0,84015.2,1262.16112303
03/18/2025,84015.2,84015.2,81166.0,82705.4,1526.03270747
03/19/2025,82705.4,87000.0,82553.3,86879.5,2673.46536757
03/20/2025,86879.6,87433.9,83609.1,84178.6,2156.72058329
03/21/2025,84178.6,84771.3,83179.3,84034.3,1018.69958284
03/22/2025,84034.3,84450.0,83667.4,83800.0,440.24781187
03/23/2025,83800.0,86100.0,83799.9,86076.5,588.42498116
03/24/2025,86076.5,88750.0,85558.1,87505.3,2187.05354124
03/25/2025,87511.9,88500.0,86306.7,87458.1,1275.81713678
03/26/2025,87458.1,88263.0,85853.7,86899.0,1808.20481963
03/27/2025,86899.0,87755.8,85838.9,87209.9,1018.98407902
03/28/2025,87209.9,87441.7,83530.1,84373.9,2052.98377273
03/29/2025,84373.9,84559.8,81655.0,82613.8,1157.08426174
03/30/2025,82613.8,83500.0,81588.7,82325.4,916.37403895
03/31/2025,82325.4,83870.8,81270.3,82523.0,1694.68667333
04/01/2025,82523.0,85500.0,82415.9,85201.1,1757.72329983
04/02/2025,85201.2,89042.7,82141.5,82508.1,3582.61285579
04/03/2025,82508.1,83911.0,81177.7,83132.9,1942.46384857
04/04/2025,83133.0,84709.7,81657.9,83840.8,1986.99314277
04/05/2025,83840.8,84200.0,82400.0,83508.9,660.17840044
04/06/2025,83508.9,83680.0,77057.7,78363.4,3692.97635392
04/07/2025,78364.8,81323.6,74409.1,79130.1,5198.34711859
04/08/2025,79130.1,80800.0,76164.6,76276.5,2455.53545248
04/09/2025,76276.5,83548.9,74572.5,82556.3,5271.68867973
04/10/2025,82556.3,82676.5,78451.2,79552.1,2270.09893668
04/11/2025,79552.1,84261.7,78914.7,83420.1,3024.32123334
04/12/2025,83420.1,85850.9,82750.0,85284.1,1932.99267705
04/13/2025,85284.1,86037.9,83025.5,83719.0,1742.3412712
04/14/2025,83719.8,85792.1,83708.2,84530.7,2420.34075325
04/15/2025,84530.7,86401.0,83600.0,83633.5,1433.04466
04/16/2025,83633.5,85419.7,83146.0,84023.8,1861.93037475
04/17/2025,84027.5,85444.0,83777.2,84910.1,931.39734032
04/18/2025,84910.1,85087.9,84295.4,84472.5,450.65472146
04/19/2025,84472.5,85611.7,84384.6,85121.3,405.53513245
04/20/2025,85121.3,85309.2,84007.4,85150.1,517.72668291
04/21/2025,85150.0,88490.0,85150.0,87500.6,1901.27490018
04/22/2025,87500.7,93888.0,87100.0,93472.0,2972.04826005
04/23/2025,93472.0,94635.1,91949.5,93677.0,2009.60322068
04/24/2025,93677.0,94000.0,91711.0,93999.9,1079.24734065
04/25/2025,94000.0,95837.7,92900.0,94717.1,2253.19370406
04/26/2025,94717.2,95189.5,93907.5,94663.5,499.11003555
04/27/2025,94663.5,95348.5,93621.5,93817.0,532.00913019
04/28/2025,93817.0,95600.0,92900.0,94998.1,1257.55300882
04/29/2025,94998.1,95469.2,93809.5,94269.6,1566.10548205
04/30/2025,94269.7,95195.0,92970.5,94205.4,1082.84442265
05/01/2025,94205.4,97407.8,94148.3,96469.9,1646.02664605
05/02/2025,96469.9,97885.0,96386.7,96920.7,1190.74799924
05/03/2025,96920.7,96922.3,95785.9,95869.9,632.75891805
05/04/2025,95869.9,96298.0,94153.2,94303.1,754.03636157
05/05/2025,94303.1,95173.9,93570.1,94727.0,1059.28534793
05/06/2025,94727.0,96877.8,93398.5,96816.7,1231.56700197
05/07/2025,96816.7,97650.0,95824.0,97031.4,1362.55596122
05/08/2025,97031.4,104082.5,96874.9,103228.0,2992.17010376
05/09/2025,103228.0,104319.1,102344.7,102976.9,1329.71839936
05/10/2025,102977.0,104943.7,102833.3,104800.0,696.03309136
05/11/2025,104799.9,104919.7,103326.8,104119.0,779.51384444
05/12/2025,104119.0,105728.8,100772.6,102825.0,1868.93678433
05/13/2025,102825.1,104980.0,101525.1,104156.7,1104.39123118
05/14/2025,104156.8,104280.1,102591.5,103589.7,1023.73775034
05/15/2025,103589.7,104123.0,101441.6,103761.7,982.20702525
05/16/2025,103761.7,104500.0,103130.0,103500.1,933.96180688
05/17/2025,103500.1,103697.1,102690.0,103169.1,407.46473368
05/18/2025,103169.1,106631.8,103148.2,106525.6,1948.9635636
05/19/2025,106525.6,107042.1,102100.0,105637.7,2055.76779214
05/20/2025,105637.7,107262.6,104269.0,106855.6,1713.73055867
05/21/2025,106855.6,110698.0,106155.0,109675.1,3333.80572063
05/22/2025,109675.1,111983.2,109287.2,111711.1,2139.00157259
05/23/2025,111711.1,111785.3,106824.0,107333.5,2574.58399048
05/24/2025,107333.5,109503.4,106905.8,107824.2,519.31653454
05/25/2025,107824.2,109300.5,106672.9,109040.4,625.52457767
05/26/2025,109040.4,110352.0,108780.0,109468.6,988.86666387
05/27/2025,109468.6,110742.6,107600.0,109004.9,1023.08446766
05/28/2025,109004.9,109250.0,106805.1,107811.7,958.88789718
05/29/2025,107811.7,108888.0,105348.4,105632.4,1219.04523124
05/30/2025,105632.5,106333.8,103641.3,104019.7,1368.35162927
05/31/2025,104019.7,104933.2,103169.0,104662.0,513.90701088
06/01/2025,104662.0,105879.7,103850.0,105712.4,576.91217477
06/02/2025,105712.4,105927.2,103737.7,105920.3,948.96006617
06/03/2025,105920.4,106820.0,104984.1,105446.0,774.51639796
06/04/2025,105446.0,106000.0,104279.0,104745.4,613.1507945
06/05/2025,104745.4,105948.1,100400.0,101579.7,1744.4000448
06/06/2025,101579.7,105360.1,101211.5,104376.0,877.21259649
06/07/2025,104376.0,105929.0,104000.1,105654.5,492.00974469
06/08/2025,105654.6,106477.0,105082.3,105754.2,568.50781065
06/09/2025,105754.2,110550.0,105392.3,110280.0,1264.78416755
06/10/2025,110280.0,110373.0,108342.2,110273.6,1180.06772837
06/11/2025,110273.6,110411.0,108139.5,108702.0,810.07191598
06/12/2025,108701.9,108790.2,105760.0,105760.1,1512.14504927
06/13/2025,105760.1,106137.5,102812.3,106122.3,2109.12032495
06/14/2025,106122.3,106172.3,104400.0,105479.4,392.68291073
06/15/2025,105479.4,106090.0,104529.0,105581.4,334.89355425
06/16/2025,105581.5,108924.6,105019.3,106800.1,1209.9618599
06/17/2025,106800.1,107725.1,103400.0,104622.4,1348.24204708
06/18/2025,104622.5,105529.9,103567.6,104892.0,808.40984268
06/19/2025,104891.9,105226.5,103931.6,104675.2,1124.90399547
06/20/2025,104675.2,106470.0,102388.9,103292.0,1051.84794845
06/21/2025,103300.0,103995.5,100933.5,102144.0,938.91408133
06/22/2025,102153.0,103380.5,98277.2,100987.9,2331.29507485
06/23/2025,100987.9,106022.4,99700.0,105382.0,2634.94718822
06/24/2025,105382.1,106309.1,104777.0,106100.0,1570.51099254
06/25/2025,106100.0,108165.5,105888.2,107360.0,1754.36948813
06/26/2025,107360.0,108289.0,106677.4,106945.0,853.71800679
06/27/2025,106945.1,107712.1,106477.2,107115.4,641.63539679
06/28/2025,107115.4,107544.2,106918.4,107325.1,426.13417634
06/29/2025,107325.1,108460.7,107228.2,108387.2,500.30910662
06/30/2025,108387.3,108792.0,106800.0,107120.3,1284.90327778
07/01/2025,107120.3,107540.2,105312.0,105700.1,1563.00869422
07/02/2025,105700.1,109794.7,105116.4,108846.9,1536.06930747
07/03/2025,108846.9,110547.2,108600.0,109631.0,1217.20713722
07/04/2025,109631.0,109746.6,107299.9,108018.9,767.00000078
07/05/2025,108018.9,108379.0,107829.7,108249.5,162.62986088
07/06/2025,108249.5,109650.0,107825.2,109223.2,429.83917537
07/07/2025,109223.2,109700.0,107520.3,108282.1,700.49319689
07/08/2025,108282.1,109199.3,107500.0,108931.9,644.78003062
07/09/2025,108932.0,112000.0,108375.3,111323.7,1496.22692802
07/10/2025,111323.7,116800.0,110600.0,115990.2,2132.2188503
07/11/2025,115990.2,118818.4,115212.5,117532.6,1812.50787842
07/12/2025,117532.6,118235.6,116977.1,117461.0,511.21582262
07/13/2025,117461.0,119499.0,117277.3,119102.1,881.15155301
07/14/2025,119102.2,123140.0,118961.2,119855.0,2308.79159766
07/15/2025,119855.0,119900.0,115712.2,117741.0,2166.686747
07/16/2025,117741.0,120049.5,117094.0,118712.6,1159.57587636
07/17/2025,118712.6,120999.6,117527.0,119321.0,1135.01654311
07/18/2025,119321.0,120833.7,116929.6,118011.9,1203.98745899
07/19/2025,118011.9,118550.0,117382.5,117909.1,310.77654865
07/20/2025,117909.1,118867.0,116600.0,117319.1,583.194393
07/21/2025,117319.0,119630.4,116623.7,117461.0,1065.22315704
07/22/2025,117461.0,120237.5,116260.0,119977.5,1256.61089025
07/23/2025,119977.5,120100.0,117411.0,118735.3,1088.89687083
07/24/2025,118735.3,119489.8,117316.0,118386.9,946.99617232
07/25/2025,118387.5,118452.0,114733.1,117628.1,1610.09496959
07/26/2025,117628.1,118276.6,117197.6,117937.5,458.69314606
07/27/2025,117937.6,119793.4,117863.8,119455.0,543.22792339
07/28/2025,119455.1,119779.9,117425.9,117979.7,842.48589207
07/29/2025,117979.7,119200.0,117000.0,117923.0,892.9516111
07/30/2025,117916.9,118749.4,115800.0,117820.7,1013.24696846
07/31/2025,117820.7,118918.9,115500.0,115762.3,1086.55871649
08/01/2025,115762.4,116000.0,112688.1,113290.2,1962.106786
08/02/2025,113290.1,114008.2,112000.0,112525.2,897.37152839
08/03/2025,112525.2,114742.9,111897.1,114224.1,584.59505722
08/04/2025,114224.1,115700.0,114137.1,115092.1,916.35580203
08/05/2025,115092.1,115092.1,112629.7,114115.0,839.84002204
08/06/2025,114115.0,115713.6,113400.0,115010.0,745.22602982
08/07/2025,115010.0,117643.3,114280.0,117498.1,968.96659582
08/08/2025,117498.1,117663.0,115946.0,116676.0,639.05095743
08/09/2025,116676.0,117869.4,116282.1,116467.4,698.46357348
08/10/2025,116467.4,119288.4,116467.3,119288.4,1143.03812644
08/11/2025,119288.4,122273.5,118100.0,118724.5,2083.44714105
08/12/2025,118724.5,120303.2,118255.0,120172.0,1114.87548358
08/13/2025,120172.1,123724.7,118918.3,123354.3,2664.42357041
08/14/2025,123354.3,124420.0,117250.0,118383.1,3457.59102418
08/15/2025,118383.1,119312.7,116560.9,117426.7,1280.98937196
08/16/2025,117426.7,117947.4,117284.0,117487.5,325.52589508
08/17/2025,117487.5,118550.2,117295.3,117441.3,441.38200244
08/18/2025,117441.3,117593.3,114715.9,116260.0,1270.68039197
08/19/2025,116259.9,116766.0,112750.0,112830.3,1574.02335208
